<?xml version="1.0" encoding="UTF-8"?>
<project-private xmlns="http://www.netbeans.org/ns/project-private/1">
    <editor-bookmarks xmlns="http://www.netbeans.org/ns/editor-bookmarks/2" lastBookmarkId="0"/>
    <open-files xmlns="http://www.netbeans.org/ns/projectui-open-files/2">
        <group>
            <file>file:/C:/d_drive/a5/2020_01_03_TEC/2021_01_01_Python_Related/9000_Python_QnA_2021_04_11/PwGit/PyQuest-main/PyQuest-main/QuestApp/QuestApp01/src/com/soft9000/qna1/dao/GenQuestDAO.java</file>
            <file>file:/C:/d_drive/a5/2020_01_03_TEC/2021_01_01_Python_Related/9000_Python_QnA_2021_04_11/PwGit/PyQuest-main/PyQuest-main/QuestApp/QuestApp01/src/com/soft9000/qna1/JfrMain.java</file>
            <file>file:/C:/d_drive/a5/2020_01_03_TEC/2021_01_01_Python_Related/9000_Python_QnA_2021_04_11/PwGit/PyQuest-main/PyQuest-main/QuestApp/QuestApp01/src/com/soft9000/qna1/BasicQuestion.java</file>
        </group>
    </open-files>
</project-private>
