[
{
	"ID": 1,
	"KID": "tbd",
	"GID": "B2C57BBE-081A-11EB-9782-C4346B07B0D2",
	"difficulty": "beginner",
	"association": "_builtins",
	"status": "gtg",
	"question": "What is the \
	  difference between dir() \
	  and help()?\
	  ",
	"answer": "undefined"
},
{
	"ID": 2,
	"KID": "tbd",
	"GID": "B2C5A2C0-081A-11EB-834B-C4346B07B0D2",
	"difficulty": "beginner",
	"association": "_help",
	"status": "gtg",
	"question": "Which command do you use \
	  to exit help window or help \
	  command prompt?",
	"answer": "undefined"
},
{
	"ID": 3,
	"KID": "tbd",
	"GID": "B2C5A2C1-081A-11EB-9EF2-C4346B07B0D2",
	"difficulty": "expert.jokes",
	"association": "_jokes",
	"status": "gtg",
	"question": "How many Enterprise Architects does it take to screw in a light-bulb?",
	"answer": "Impossible to say: That is an implementation detail."
},
{
	"ID": 4,
	"KID": "tbd",
	"GID": "B2C5A2C2-081A-11EB-A397-C4346B07B0D2",
	"difficulty": "expert.jokes",
	"association": "_jokes",
	"status": "gtg",
	"question": "How many Agile Architects does it take to screw in a light-bulb?",
	"answer": "Impossible to say: We won't know until we try to do it."
},
{
	"ID": 5,
	"KID": "tbd",
	"GID": "B2C5A2C3-081A-11EB-804E-C4346B07B0D2",
	"difficulty": "intermediate.jokes",
	"association": "_jokes",
	"status": "gtg",
	"question": "Why is a python, \
   on dry land?",
	"answer": "Because it is above \
   `C` level..."
}
]

